Entita,Score_now 4-H_Run1
richard jewell,0.13445378151260504
pistons - cavaliers,0.8487394957983193
probabili formazioni,46.61764705882353
juve genoa,2.2983193277310923
cambio ora 2025,32.60504201680672
sondrio,4.697478991596639
fabio balaso,0.19327731092436976
miami open 2025 tabellone,0.6932773109243697
valtellina,2.3445378151260505
eclissi 29 marzo,34.47899159663866
gil vicente - benfica,1.4621848739495797
le assaggiatrici (film),0.3235294117647059
probabili formazioni gazzetta,0.0
pelicans - warriors,0.0
ghibli,11.415966386554622
formazioni serie a,3.7016806722689077
andrea pucci,1.8907563025210083
inps cedolino pensione,1.504201680672269
the voice senior 2025,0.24789915966386555
orari motogp,15.781512605042018
muhammad abbas,0.23529411764705882
taylor fritz,2.26890756302521
pilar fogliati,9.554621848739496
castello sforzesco,0.29831932773109243
ciclismo oggi,0.47058823529411764
scossa terremoto myanmar,15.130252100840336
spezia - brescia,2.2899159663865545
nuggets - jazz,0.0
federico faggin,0.6302521008403361
wind warning,0.2857142857142857
assalto portavalori,5.5588235294117645
perugia - pineto,0.9453781512605042
como empoli,0.9873949579831933
superbike,1.0294117647058822
leverkusen - bochum,0.7100840336134454
new zealand vs pakistan,2.991596638655462
napoli milan,1.638655462184874
aspromonte,0.24789915966386555
anticipazioni upas un posto al sole,0.0
meteo milano,29.491596638655462
oroscopo paolo fox capricorno,0.0
cittadinanza italiana ius sanguinis,0.5840336134453782
inter udinese,0.4411764705882353
eid ul fitr 2025,0.42016806722689076
venezia bologna,1.6932773109243697
sciopero treni aprile 2025,0.0
polizze catastrofali proroga,0.0
alba berlino - virtus bologna,0.0
picierno,0.33613445378151263
joao felix,1.2058823529411764
