Entita,Score_now 7-d_Run1
ciclismo oggi,5.715976331360947
valtellina,18.597633136094675
inps cedolino pensione,15.011834319526628
castello sforzesco,3.0532544378698225
the voice senior 2025,0.15976331360946747
new zealand vs pakistan,3.42603550295858
cittadinanza italiana ius sanguinis,0.5207100591715976
leverkusen - bochum,0.8757396449704142
pilar fogliati,2.7159763313609466
joao felix,0.31952662721893493
brigitte bardot,0.8461538461538461
nuggets - jazz,0.7692307692307693
ghibli,4.828402366863905
meteo milano,26.13609467455621
fabio balaso,0.0650887573964497
richard jewell,0.9526627218934911
probabili formazioni,13.982248520710058
allerta vento,10.775147928994082
alba berlino - virtus bologna,0.7988165680473372
pelicans - warriors,0.9763313609467456
eclissi 29 marzo,1.9881656804733727
fulham - crystal palace,0.10059171597633136
gil vicente - benfica,1.8461538461538463
spezia - brescia,3.5562130177514795
cambio ora 2025,20.171597633136095
diego armando maradona,0.3076923076923077
scossa terremoto myanmar,4.136094674556213
viterbo,32.24260355029586
le assaggiatrici (film),1.8757396449704142
modena catanzaro,0.1301775147928994
probabili formazioni serie a,1.485207100591716
federico faggin,1.183431952662722
venezia bologna,13.14792899408284
sbk orari,2.8757396449704142
lecce roma,16.828402366863905
andrea pucci,6.402366863905326
miami open 2025 tabellone,4.875739644970414
assalto portavalori,5.710059171597633
taylor fritz,11.059171597633137
eid ul fitr 2025,1.331360946745562
muhammad abbas,2.0532544378698225
sondrio,27.301775147928993
joël dicker,0.15384615384615385
inter udinese,5.508875739644971
perugia - pineto,3.834319526627219
wind warning,0.9112426035502958
sciopero treni aprile 2025,2.171597633136095
napoli milan,13.467455621301776
como empoli,5.1301775147929
oroscopo paolo fox capricorno,3.2071005917159763
