Entita,Score_now 4-H_Run1
alba berlino - virtus bologna,0.9369747899159664
spezia - brescia,4.3655462184873945
federico faggin,0.47058823529411764
formazioni serie a,2.802521008403361
the voice senior 2025,0.42016806722689076
napoli milan,4.138655462184874
achille costacurta,1.1092436974789917
belve,0.9705882352941176
cambio ora 2025,32.47899159663866
pistons - cavaliers,0.3319327731092437
sbk,2.134453781512605
leverkusen - bochum,0.5504201680672269
michela moioli snowboard,0.3865546218487395
arzignano valchiampo - renate,0.0
inps cedolino pensione,0.5126050420168067
anticipazioni il paradiso delle signore,0.7899159663865546
lecce roma,2.2058823529411766
polizze catastrofali proroga,0.7815126050420168
mensik tennis,0.31512605042016806
andrea pucci,1.7773109243697478
perugia - pineto,0.3235294117647059
assalto portavalori,5.088235294117647
richard jewell,0.226890756302521
le assaggiatrici (film),0.15546218487394958
pelicans - warriors,0.4957983193277311
latte crudo,0.0
michael magnesi,0.7142857142857143
sciopero treni aprile 2025,1.5084033613445378
probabili formazioni,19.16386554621849
meteo milano,37.69327731092437
omar pedrini,0.11764705882352941
muhammad abbas,0.0
miami open 2025 tabellone,0.6008403361344538
pilar fogliati,3.2521008403361344
groenlandia,6.436974789915967
gil vicente - benfica,0.42436974789915966
oroscopo paolo fox capricorno,0.3865546218487395
inter udinese,0.5756302521008403
picierno,0.25630252100840334
nuggets - jazz,1.319327731092437
cittadinanza italiana ius sanguinis,0.23529411764705882
programmi tv stasera prima serata,0.0
new zealand vs pakistan,0.6050420168067226
orari motogp,15.256302521008404
anticipazioni upas un posto al sole,0.35714285714285715
ghibli,4.504201680672269
como empoli,0.0
eclissi 29 marzo,21.743697478991596
scossa terremoto myanmar,8.340336134453782
djuric,0.18067226890756302
