Entita,Score_now 7-d_Run2
le assaggiatrici (film),11.91715976331361
aspromonte,2.06508875739645
nuggets - jazz,2.1183431952662723
pelicans - warriors,3.8579881656804735
sondrio,45.01775147928994
como empoli,2.076923076923077
andrea pucci,3.923076923076923
joao felix,0.6272189349112426
probabili formazioni,14.893491124260356
leverkusen - bochum,2.804733727810651
taylor fritz,7.42603550295858
formazioni serie a,4.035502958579881
ghibli,16.142011834319526
wind warning,0.9408284023668639
ciclismo oggi,2.57396449704142
eid ul fitr 2025,1.6272189349112427
juve genoa,13.218934911242604
venezia bologna,11.177514792899409
superbike,6.556213017751479
cittadinanza italiana ius sanguinis,5.893491124260355
richard jewell,0.7218934911242604
alba berlino - virtus bologna,0.4437869822485207
fabio balaso,0.0650887573964497
spezia - brescia,3.603550295857988
inter udinese,3.7455621301775146
cambio ora 2025,19.63905325443787
anticipazioni upas un posto al sole,0.3905325443786982
muhammad abbas,1.5384615384615385
pistons - cavaliers,0.9822485207100592
castello sforzesco,0.9408284023668639
eclissi 29 marzo,5.585798816568047
assalto portavalori,4.781065088757397
meteo milano,26.118343195266274
perugia - pineto,1.0710059171597632
pilar fogliati,1.21301775147929
gil vicente - benfica,2.3136094674556213
orari motogp,9.715976331360947
miami open 2025 tabellone,5.497041420118343
polizze catastrofali proroga,6.603550295857988
the voice senior 2025,0.8461538461538461
new zealand vs pakistan,3.4142011834319526
federico faggin,0.6035502958579881
picierno,0.23668639053254437
valtellina,1.5562130177514792
probabili formazioni gazzetta,0.9940828402366864
napoli milan,12.159763313609467
inps cedolino pensione,6.804733727810651
scossa terremoto myanmar,6.005917159763314
oroscopo paolo fox capricorno,2.798816568047337
sciopero treni aprile 2025,4.201183431952662
