Entita,Score_now 7-d_Run1
spezia - brescia,3.603550295857988
formazioni serie a,1.6153846153846154
programmi tv stasera prima serata,3.467455621301775
assalto portavalori,1.544378698224852
orvieto,42.81065088757396
achille costacurta,3.4142011834319526
juve genoa,18.307692307692307
meta al su whatsapp,1.7928994082840237
f1 giappone,1.4911242603550297
anticipazioni upas un posto al sole,0.5502958579881657
scossa terremoto myanmar,4.928994082840236
buongiorno sabato 29 marzo 2025,0.6568047337278107
inps cedolino pensione,4.420118343195266
inter udinese,3.514792899408284
vanuatu,0.10059171597633136
pilar fogliati,2.1242603550295858
perugia - pineto,2.562130177514793
miami open 2025 tabellone,4.662721893491124
muhammad abbas,1.650887573964497
leverkusen - bochum,3.7455621301775146
cittadinanza italiana ius sanguinis,2.2366863905325443
taylor fritz,10.733727810650887
kit sopravvivenza 72 ore,1.0059171597633136
groenlandia,16.307692307692307
fabio balaso,0.03550295857988166
doppio accredito inps,1.0887573964497042
picierno,0.4556213017751479
federico faggin,1.1124260355029585
nets - clippers,0.30177514792899407
orari motogp,9.065088757396449
eclissi 29 marzo,5.319526627218935
djuric,0.834319526627219
latte crudo,0.42011834319526625
anticipazioni il paradiso delle signore,1.7396449704142012
new zealand vs pakistan,3.3491124260355027
nuggets - jazz,0.16568047337278108
meteo milano,26.597633136094675
pelicans - warriors,0.5798816568047337
michael magnesi,0.09467455621301775
andrea pucci,0.6035502958579881
lecce roma,4.284023668639053
enzo bearzot,0.08284023668639054
pistons - cavaliers,0.8875739644970414
gil vicente - benfica,4.757396449704142
milik,1.1242603550295858
napoli milan,7.5325443786982245
alba berlino - virtus bologna,1.1242603550295858
cambio ora 2025,18.5207100591716
bucks - knicks,3.834319526627219
belve,17.27810650887574
