Entita,Score_now 7-d_Run1
the voice senior 2025,0.591715976331361
venezia bologna,3.5857988165680474
gil vicente - benfica,4.798816568047338
formazioni serie a,4.562130177514793
pelicans - warriors,1.1538461538461537
probabili formazioni,15.467455621301776
andrea pucci,1.5621301775147929
anticipazioni upas un posto al sole,0.3076923076923077
sciopero treni aprile 2025,2.0059171597633134
alba berlino - virtus bologna,1.8224852071005917
perugia - pineto,3.727810650887574
eid ul fitr 2025,1.7337278106508875
joao felix,0.3431952662721893
muhammad abbas,2.06508875739645
orari motogp,9.254437869822485
pistons - cavaliers,1.106508875739645
sondrio,45.082840236686394
castello sforzesco,1.970414201183432
como empoli,2.0710059171597632
valtellina,12.153846153846153
assalto portavalori,1.1301775147928994
new zealand vs pakistan,3.4615384615384617
oroscopo paolo fox capricorno,0.16568047337278108
taylor fritz,2.2781065088757395
eclissi 29 marzo,5.094674556213017
scossa terremoto myanmar,3.8816568047337277
pilar fogliati,2.5857988165680474
polizze catastrofali proroga,4.798816568047338
aspromonte,1.0887573964497042
ghibli,16.130177514792898
wind warning,0.9171597633136095
inps cedolino pensione,7.325443786982248
le assaggiatrici (film),1.8106508875739644
inter udinese,1.8047337278106508
ciclismo oggi,0.8047337278106509
meteo milano,26.19526627218935
leverkusen - bochum,3.2366863905325443
superbike,2.0532544378698225
probabili formazioni gazzetta,0.5976331360946746
cambio ora 2025,19.63905325443787
picierno,0.3668639053254438
spezia - brescia,3.5976331360946747
miami open 2025 tabellone,1.4615384615384615
cittadinanza italiana ius sanguinis,0.7633136094674556
juve genoa,2.1597633136094676
federico faggin,1.1597633136094674
fabio balaso,0.0650887573964497
richard jewell,0.9289940828402367
napoli milan,25.02958579881657
nuggets - jazz,2.1893491124260356
