Entita,Score_now 7-d_Run1
taylor fritz,10.23076923076923
nets - clippers,0.28402366863905326
tailandia,4.887573964497041
anticipazioni il paradiso delle signore,7.7514792899408285
doppio accredito inps,7.076923076923077
fritz oggi,4.668639053254438
kit sopravvivenza 72 ore,2.2544378698224854
meteo milano oggi,10.899408284023668
perugia - pineto,0.5502958579881657
new zealand vs pakistan,3.337278106508876
latte crudo,0.40828402366863903
picierno,0.1952662721893491
meteo milano,26.86390532544379
pianese - pontedera,0.2603550295857988
assalto portavalori,1.757396449704142
groenlandia,6.035502958579881
anticipazioni upas un posto al sole,0.17751479289940827
nuggets - jazz,0.40236686390532544
programmi tv stasera prima serata,4.6982248520710055
myanmar terremoto,8.715976331360947
omar pedrini,0.26627218934911245
federico faggin,1.0355029585798816
carlo ancelotti,0.1242603550295858
ghibli,4.289940828402367
napoli milan,8.603550295857989
leverkusen - bochum,3.7218934911242605
eclissi 29 marzo,3.8816568047337277
bucks - knicks,0.5325443786982249
alba berlino - virtus bologna,0.9585798816568047
martina colombari,1.7218934911242603
arzignano valchiampo - renate,0.5857988165680473
gil vicente - benfica,4.609467455621302
pistons - cavaliers,2.3905325443786984
belve,4.928994082840236
proroga polizze catastrofali,11.76923076923077
quando cambia l'ora 2025,17.337278106508876
spezia - brescia,3.3727810650887573
pelicans - warriors,0.42011834319526625
juve genoa,1.4497041420118344
motogp orari,2.2781065088757395
the voice senior,7.449704142011834
cittadinanza italiana ius sanguinis,4.201183431952662
miami open 2025 tabellone,9.550295857988166
buongiorno sabato 29 marzo 2025,1.1124260355029585
lecce roma,14.218934911242604
andrea pucci,4.177514792899408
bankok,5.2485207100591715
djuric,1.7100591715976332
previsioni meteo,32.30177514792899
muhammad abbas,0.6863905325443787
