Entita,Score_now 7-d_Run2
orari motogp,8.31360946745562
groenlandia,16.331360946745562
nuggets - jazz,0.9940828402366864
pelicans - warriors,1.544378698224852
taylor fritz,10.633136094674557
pistons - cavaliers,1.0887573964497042
polizze catastrofali proroga,5.7514792899408285
muhammad abbas,1.7337278106508875
beppe severgnini,0.48520710059171596
doppio accredito inps,6.733727810650888
cittadinanza italiana ius sanguinis,5.5325443786982245
le assaggiatrici (film),11.591715976331361
lecce roma,1.2011834319526626
anticipazioni il paradiso delle signore,1.7100591715976332
new zealand vs pakistan,3.36094674556213
diego armando maradona,0.04142011834319527
latte crudo,2.2071005917159763
inps cedolino pensione,5.124260355029586
probabili formazioni,18.745562130177515
f1 giappone,1.2366863905325445
ciclismo oggi,2.455621301775148
ghibli,15.781065088757396
oroscopo capricorno 29 marzo,0.10650887573964497
picierno,1.5502958579881656
fabio balaso,0.08875739644970414
formazioni serie a,4.124260355029586
gil vicente - benfica,4.775147928994083
miami open 2025 tabellone,3.6923076923076925
vanuatu,0.20710059171597633
perugia - pineto,3.5857988165680474
eclissi 29 marzo,6.455621301775148
alba berlino - virtus bologna,1.8047337278106508
venezia bologna,5.93491124260355
anticipazioni upas un posto al sole,0.5857988165680473
bucks - knicks,0.8402366863905325
assalto portavalori,7.289940828402367
napoli milan,3.710059171597633
programmi tv stasera prima serata,4.349112426035503
federico faggin,1.0769230769230769
belve,1.0414201183431953
achille costacurta,0.727810650887574
pilar fogliati,2.3254437869822486
scossa terremoto myanmar,3.4911242603550297
leverkusen - bochum,3.21301775147929
sbk,1.6923076923076923
cambio ora 2025,7.609467455621302
spezia - brescia,3.6094674556213016
andrea pucci,0.5621301775147929
michael magnesi,0.10650887573964497
meteo milano,26.331360946745562
