Entita,Score_now 4-H_Run1
pilar fogliati,3.1512605042016806
alba berlino - virtus bologna,0.6722689075630253
probabili formazioni,27.89075630252101
belve,0.3907563025210084
ghibli,3.3865546218487395
ciclismo oggi,0.19327731092436976
cambio ora 2025,20.474789915966387
anticipazioni il paradiso delle signore,0.27310924369747897
venezia bologna,0.31092436974789917
inps cedolino pensione,0.819327731092437
diego armando maradona,0.27310924369747897
orari motogp,9.957983193277311
scossa terremoto myanmar,4.920168067226891
spezia - brescia,3.5546218487394956
pelicans - warriors,0.5798319327731093
leverkusen - bochum,0.8151260504201681
fabio balaso,0.0
andrea pucci,0.2689075630252101
nuggets - jazz,0.3907563025210084
meteo milano,44.52521008403362
federico faggin,0.18487394957983194
groenlandia,6.436974789915967
bucks - knicks,0.15546218487394958
miami open 2025 tabellone,0.12184873949579832
latte crudo,0.35714285714285715
anticipazioni upas un posto al sole,1.273109243697479
muhammad abbas,0.15126050420168066
vanuatu,0.42016806722689076
sbk,2.0168067226890756
f1 giappone,0.16806722689075632
cittadinanza italiana ius sanguinis,1.1260504201680672
taylor fritz,1.4705882352941178
lecce roma,1.1134453781512605
programmi tv stasera prima serata,0.7857142857142857
pistons - cavaliers,0.7058823529411765
beppe severgnini,1.0126050420168067
oroscopo capricorno 29 marzo,0.18067226890756302
le assaggiatrici (film),0.0
gil vicente - benfica,1.3445378151260505
formazioni serie a,1.0714285714285714
doppio accredito inps,0.46638655462184875
perugia - pineto,0.6428571428571429
polizze catastrofali proroga,0.9873949579831933
picierno,0.7857142857142857
eclissi 29 marzo,8.760504201680673
new zealand vs pakistan,2.4285714285714284
assalto portavalori,3.063025210084034
achille costacurta,0.0
napoli milan,2.668067226890756
michael magnesi,0.3739495798319328
