Entita,Score_now 7-d_Run2
gil vicente - benfica,4.686390532544379
omar pedrini,0.5502958579881657
anticipazioni il paradiso delle signore,6.597633136094674
djuric,0.5502958579881657
fritz oggi,2.4615384615384617
juve genoa,6.331360946745562
ghibli,15.041420118343195
bucks - knicks,0.6923076923076923
nuggets - jazz,0.20710059171597633
muhammad abbas,0.38461538461538464
eclissi 29 marzo,0.8520710059171598
new zealand vs pakistan,3.301775147928994
tailandia,1.9171597633136095
meteo milano,26.19526627218935
doppio accredito inps,1.0059171597633136
kit sopravvivenza 72 ore,0.3431952662721893
quando cambia l'ora 2025,9.781065088757396
meteo milano oggi,5.183431952662722
motogp orari,8.834319526627219
martina colombari,2.6153846153846154
perugia - pineto,3.4319526627218937
programmi tv stasera prima serata,14.076923076923077
assalto portavalori,5.804733727810651
picierno,1.4082840236686391
napoli milan,2.8165680473372783
cittadinanza italiana ius sanguinis,0.6390532544378699
myanmar terremoto,6.27810650887574
spezia - brescia,3.408284023668639
proroga polizze catastrofali,12.520710059171599
arzignano valchiampo - renate,1.485207100591716
belve,5.378698224852071
alba berlino - virtus bologna,2.940828402366864
taylor fritz,10.242603550295858
buongiorno sabato 29 marzo 2025,0.5384615384615384
carlo ancelotti,0.35502958579881655
andrea pucci,1.5502958579881656
nets - clippers,0.15976331360946747
pianese - pontedera,0.26627218934911245
federico faggin,1.0769230769230769
bankok,0.7337278106508875
pelicans - warriors,2.834319526627219
the voice senior,7.396449704142012
pistons - cavaliers,2.272189349112426
miami open 2025 tabellone,8.609467455621301
groenlandia,16.19526627218935
latte crudo,2.2662721893491122
anticipazioni upas un posto al sole,0.3727810650887574
lecce roma,5.100591715976331
leverkusen - bochum,1.4733727810650887
previsioni meteo,33.11834319526627
