Entita,Score_now 4-H_Run2
meteo milano,31.873949579831933
formazioni serie a,1.9369747899159664
eclissi 29 marzo,20.886554621848738
new zealand vs pakistan,1.4201680672268908
aspromonte,0.20588235294117646
sciopero treni aprile 2025,0.5042016806722689
inter udinese,2.1470588235294117
scossa terremoto myanmar,10.453781512605042
federico faggin,1.1050420168067228
joao felix,1.9579831932773109
spezia - brescia,3.6092436974789917
oroscopo paolo fox capricorno,0.7016806722689075
nuggets - jazz,0.9873949579831933
probabili formazioni gazzetta,0.0
anticipazioni upas un posto al sole,0.28991596638655465
leverkusen - bochum,1.134453781512605
assalto portavalori,4.991596638655462
richard jewell,0.0
perugia - pineto,1.2394957983193278
probabili formazioni,48.09243697478992
ghibli,11.058823529411764
juve genoa,2.302521008403361
le assaggiatrici (film),0.6176470588235294
ciclismo oggi,0.6974789915966386
cittadinanza italiana ius sanguinis,1.9705882352941178
valtellina,3.6638655462184873
picierno,0.6722689075630253
muhammad abbas,0.0
sondrio,5.407563025210084
como empoli,0.40756302521008403
the voice senior 2025,0.8949579831932774
miami open 2025 tabellone,0.2815126050420168
polizze catastrofali proroga,0.4411764705882353
pelicans - warriors,0.0
fabio balaso,0.40756302521008403
orari motogp,21.037815126050422
pilar fogliati,5.878151260504202
eid ul fitr 2025,0.7478991596638656
inps cedolino pensione,2.3865546218487395
superbike,0.5294117647058824
taylor fritz,2.4495798319327733
cambio ora 2025,34.33613445378151
alba berlino - virtus bologna,0.0
wind warning,0.3445378151260504
andrea pucci,3.2142857142857144
napoli milan,5.714285714285714
castello sforzesco,0.2605042016806723
venezia bologna,1.8319327731092436
gil vicente - benfica,1.2100840336134453
pistons - cavaliers,1.6974789915966386
