Entita,Score_now 7-d_Run2
anticipazioni il paradiso delle signore,3.1775147928994083
inps cedolino pensione,2.1775147928994083
federico faggin,1.0828402366863905
leverkusen - bochum,1.5621301775147929
cambio ora 2025,4.976331360946745
milik,0.23668639053254437
nets - clippers,0.10059171597633136
new zealand vs pakistan,3.3491124260355027
eclissi 29 marzo,3.6272189349112427
djuric,0.5502958579881657
pilar fogliati,2.136094674556213
kit sopravvivenza 72 ore,0.7218934911242604
michael magnesi,0.08875739644970414
bucks - knicks,0.23076923076923078
meteo milano,26.218934911242602
muhammad abbas,0.6449704142011834
inter udinese,3.532544378698225
miami open 2025 tabellone,3.9171597633136095
scossa terremoto myanmar,3.2840236686390534
gil vicente - benfica,4.7514792899408285
programmi tv stasera prima serata,19.11242603550296
pistons - cavaliers,1.893491124260355
orvieto,19.792899408284022
napoli milan,16.431952662721894
belve,2.9881656804733727
orari motogp,9.414201183431953
latte crudo,2.603550295857988
enzo bearzot,0.11242603550295859
perugia - pineto,3.63905325443787
doppio accredito inps,3.6804733727810652
formazioni serie a,6.497041420118343
anticipazioni upas un posto al sole,0.5857988165680473
buongiorno sabato 29 marzo 2025,1.834319526627219
picierno,3.4615384615384617
achille costacurta,2.603550295857988
andrea pucci,4.704142011834319
alba berlino - virtus bologna,0.3905325443786982
taylor fritz,3.3254437869822486
spezia - brescia,3.633136094674556
f1 giappone,0.4260355029585799
nuggets - jazz,0.8106508875739645
cittadinanza italiana ius sanguinis,2.337278106508876
fabio balaso,0.10650887573964497
groenlandia,16.14792899408284
lecce roma,12.76923076923077
pelicans - warriors,3.603550295857988
meta al su whatsapp,1.1242603550295858
vanuatu,0.4378698224852071
juve genoa,7.284023668639053
assalto portavalori,6.964497041420119
