Entita,Score_now 7-d_Run2
doppio accredito inps,0.1301775147928994
barcelona - osasuna,1.0355029585798816
fritz,7.479289940828402
evelina sgarbi,1.1005917159763314
previsioni meteo aprile,0.4970414201183432
novak djokovic,12.319526627218934
kristi noem,0.48520710059171596
egitto sottomarino turistico affondato,0.20118343195266272
bulls - lakers,6.485207100591716
eclissi solare 29 marzo 2025,0.2958579881656805
jakub menšík,2.2544378698224854
paolo fox oroscopo oggi,7.366863905325443
berrettini fritz,4.094674556213017
milik,0.47928994082840237
avanti un altro by night,0.7337278106508875
sondaggi politici oggi,0.5621301775147929
luca bottura,1.21301775147929
elisa di francisca,1.7159763313609468
re carlo,10.733727810650887
sciopero metalmeccanici,3.3491124260355027
proroga polizze catastrofali,0.7810650887573964
paolini-sabalenka,0.23076923076923078
barcellona - osasuna,2.8757396449704142
meta ai,2.3491124260355027
tailandia,3.502958579881657
olimpia milano - barcellona,2.7810650887573964
minority report,2.437869822485207
barcelona vs osasuna,2.526627218934911
buon venerdi 28 marzo 2025,1.9408284023668638
sarkozy,1.1242603550295858
vincita superenalotto ex moglie,0.1834319526627219
bankok,1.621301775147929
studio ghibli,2.7041420118343193
mare fuori sesta stagione,1.0650887573964498
bonnie blue,2.3727810650887573
ora legale 2025,28.34319526627219
martina colombari,0.28402366863905326
amsterdam,26.846153846153847
stefania proietti,0.07100591715976332
unipol,16.57396449704142
polizia postale,1.7810650887573964
sigfrido ranucci,0.2958579881656805
anticipazioni amici,3.5976331360946747
myanmar,1.7988165680473374
waltz,8.727810650887575
michael schumacher,6.828402366863905
one battle after another film,0.28994082840236685
estrazioni lotto 10elotto superenalotto,30.88757396449704
waltz mike,1.1597633136094674
mensik,5.899408284023669
