Entita,Score_now 7-d_Run1
lecce roma,5.627218934911243
groenlandia,16.71005917159763
como empoli,0.9822485207100592
anticipazioni il paradiso delle signore,7.928994082840236
ghibli,11.088757396449704
orari motogp,7.650887573964497
sbk,4.994082840236686
probabili formazioni,19.46153846153846
eclissi 29 marzo,4.828402366863905
omar pedrini,0.5502958579881657
scossa terremoto myanmar,3.9171597633136095
richard jewell,1.970414201183432
federico faggin,1.1301775147928994
latte crudo,0.8579881656804734
djuric,0.24260355029585798
meteo milano,26.254437869822485
sciopero treni aprile 2025,1.2071005917159763
inps cedolino pensione,4.455621301775148
pistons - cavaliers,0.9171597633136095
gil vicente - benfica,4.816568047337278
new zealand vs pakistan,3.4497041420118344
spezia - brescia,2.485207100591716
le assaggiatrici (film),1.0414201183431953
achille costacurta,0.20710059171597633
anticipazioni upas un posto al sole,0.7100591715976331
michael magnesi,0.40236686390532544
napoli milan,13.940828402366863
assalto portavalori,7.562130177514793
polizze catastrofali proroga,17.437869822485208
the voice senior 2025,2.2662721893491122
miami open 2025 tabellone,13.538461538461538
oroscopo paolo fox capricorno,2.668639053254438
cambio ora 2025,19.39644970414201
perugia - pineto,2.195266272189349
muhammad abbas,1.5088757396449703
andrea pucci,1.5917159763313609
belve,8.201183431952662
inter udinese,15.467455621301776
formazioni serie a,17.54437869822485
arzignano valchiampo - renate,2.1479289940828403
nuggets - jazz,0.7396449704142012
picierno,0.9881656804733728
pilar fogliati,2.5088757396449703
mensik tennis,0.834319526627219
michela moioli snowboard,0.21893491124260356
leverkusen - bochum,3.8698224852071004
programmi tv stasera prima serata,10.680473372781066
pelicans - warriors,1.4792899408284024
cittadinanza italiana ius sanguinis,5.355029585798817
alba berlino - virtus bologna,3.059171597633136
