Entita,Score_now 4-H_Run2
oroscopo capricorno 29 marzo,0.8319327731092437
doppio accredito inps,0.5546218487394958
programmi tv stasera prima serata,1.2563025210084033
miami open 2025 tabellone,0.49159663865546216
groenlandia,6.7521008403361344
taylor fritz,2.7605042016806722
fabio balaso,0.12184873949579832
le assaggiatrici (film),0.0
sbk,2.5252100840336134
vanuatu,0.3235294117647059
alba berlino - virtus bologna,0.0
pistons - cavaliers,0.6932773109243697
scossa terremoto myanmar,6.857142857142857
anticipazioni upas un posto al sole,0.0
pelicans - warriors,0.4117647058823529
ciclismo oggi,0.42016806722689076
lecce roma,1.1134453781512605
orari motogp,13.134453781512605
anticipazioni il paradiso delle signore,0.9033613445378151
assalto portavalori,3.7100840336134455
leverkusen - bochum,0.6176470588235294
gil vicente - benfica,3.46218487394958
andrea pucci,1.365546218487395
formazioni serie a,1.3781512605042017
cittadinanza italiana ius sanguinis,1.684873949579832
cambio ora 2025,17.634453781512605
latte crudo,0.0
nuggets - jazz,0.48739495798319327
beppe severgnini,1.415966386554622
pilar fogliati,5.584033613445378
achille costacurta,0.4411764705882353
polizze catastrofali proroga,1.1092436974789917
belve,0.13865546218487396
meteo milano,45.15126050420168
muhammad abbas,0.29831932773109243
eclissi 29 marzo,6.004201680672269
venezia bologna,0.35714285714285715
picierno,2.0168067226890756
napoli milan,2.8949579831932772
federico faggin,0.8445378151260504
spezia - brescia,3.9411764705882355
probabili formazioni,16.373949579831933
diego armando maradona,0.4831932773109244
ghibli,3.546218487394958
inps cedolino pensione,0.2857142857142857
bucks - knicks,0.0
new zealand vs pakistan,4.1344537815126055
michael magnesi,0.0
perugia - pineto,1.4075630252100841
f1 giappone,0.5588235294117647
