Entita,Score_now 7-d_Run2
andrea pucci,0.6666666666666666
probabili formazioni serie a,1.0952380952380953
joao felix,0.1130952380952381
spezia - brescia,3.4464285714285716
napoli milan,5.184523809523809
viterbo,20.892857142857142
leverkusen - bochum,2.119047619047619
probabili formazioni gazzetta,0.47023809523809523
jd,13.571428571428571
ciclismo oggi,1.7083333333333333
inter udinese,4.113095238095238
pilar fogliati,2.732142857142857
fabio balaso,0.375
lecce roma,11.476190476190476
milan napoli,19.291666666666668
le assaggiatrici (film),9.017857142857142
cittadinanza italiana ius sanguinis,1.9642857142857142
gil vicente - benfica,4.839285714285714
fulham - crystal palace,0.31547619047619047
orari motogp,7.178571428571429
modena catanzaro,0.48214285714285715
allerta vento,17.18452380952381
como empoli,1.2738095238095237
29 marzo eclissi solare,2.2857142857142856
pelicans - warriors,3.630952380952381
azione,52.851190476190474
castello sforzesco,2.6547619047619047
eprice,6.392857142857143
babygirl,1.9821428571428572
scossa terremoto myanmar,6.333333333333333
real sociedad - valladolid,0.375
diego armando maradona,0.4642857142857143
kit sopravvivenza 72 ore,0.44642857142857145
federico faggin,1.1428571428571428
ghibli,4.8273809523809526
carlo ancelotti,0.16666666666666666
miami open 2025 tabellone,3.9464285714285716
perugia - pineto,2.392857142857143
richard jewell,2.0357142857142856
venezia bologna,3.9345238095238093
brigitte bardot,0.6607142857142857
cambio ora 2025,20.11904761904762
assalto portavalori,4.4523809523809526
sciopero treni aprile 2025,1.2380952380952381
probabili formazioni,13.726190476190476
armando izzo,0.3273809523809524
sbk orari,0.6309523809523809
mensik tennis,0.7321428571428571
the voice senior,7.541666666666667
wind warning,1.3511904761904763
