Entita,Score_now 4-H_Run1
pelicans - warriors,0.0
nuggets - jazz,0.10084033613445378
cittadinanza italiana ius sanguinis,0.6428571428571429
kit sopravvivenza 72 ore,0.28991596638655465
buongiorno sabato 29 marzo 2025,0.1722689075630252
djuric,0.31512605042016806
perugia - pineto,0.3403361344537815
juve genoa,0.5672268907563025
nets - clippers,0.14285714285714285
napoli milan,0.12184873949579832
proroga polizze catastrofali,0.0
pistons - cavaliers,0.4831932773109244
the voice senior,0.046218487394957986
motogp orari,1.3403361344537814
new zealand vs pakistan,3.69327731092437
previsioni meteo,10.600840336134453
fritz oggi,0.42016806722689076
spezia - brescia,2.6260504201680672
anticipazioni upas un posto al sole,0.3319327731092437
programmi tv stasera prima serata,0.0
carlo ancelotti,0.2773109243697479
martina colombari,0.0
muhammad abbas,0.5
alba berlino - virtus bologna,0.13445378151260504
eclissi 29 marzo,1.3361344537815125
pianese - pontedera,0.08823529411764706
assalto portavalori,1.315126050420168
omar pedrini,0.21428571428571427
latte crudo,0.0
miami open 2025 tabellone,0.5
meteo milano oggi,0.7857142857142857
lecce roma,0.09243697478991597
taylor fritz,1.3277310924369747
picierno,0.1638655462184874
arzignano valchiampo - renate,0.3865546218487395
ghibli,0.037815126050420166
federico faggin,0.0
myanmar terremoto,15.978991596638656
doppio accredito inps,0.42016806722689076
anticipazioni il paradiso delle signore,0.3403361344537815
belve,0.0
tailandia,0.0
quando cambia l'ora 2025,0.7352941176470589
meteo milano,27.634453781512605
bucks - knicks,0.09663865546218488
bankok,0.6764705882352942
groenlandia,2.5210084033613445
andrea pucci,0.0
leverkusen - bochum,0.7605042016806722
gil vicente - benfica,0.726890756302521
