Entita,Score_now 7-d_Run1
diego armando maradona,0.7041420118343196
milan napoli,18.952662721893493
babygirl,3.0236686390532546
sciopero treni aprile 2025,3.100591715976331
real sociedad - valladolid,0.40828402366863903
perugia - pineto,3.7514792899408285
como empoli,1.6035502958579881
cittadinanza italiana ius sanguinis,3.2366863905325443
pilar fogliati,2.059171597633136
leverkusen - bochum,2.4437869822485205
probabili formazioni,13.621301775147929
andrea pucci,1.5029585798816567
federico faggin,1.1952662721893492
scossa terremoto myanmar,2.06508875739645
fabio balaso,0.07692307692307693
azione,9.21301775147929
mensik tennis,1.7396449704142012
assalto portavalori,8.153846153846153
29 marzo eclissi solare,3.2071005917159763
the voice senior,5.781065088757397
gil vicente - benfica,4.964497041420119
joao felix,0.35502958579881655
pelicans - warriors,1.2485207100591715
ghibli,10.207100591715976
sbk orari,0.8165680473372781
cambio ora 2025,20.207100591715978
kit sopravvivenza 72 ore,0.8579881656804734
richard jewell,1.970414201183432
brigitte bardot,2.2781065088757395
inter udinese,14.242603550295858
ciclismo oggi,5.822485207100592
lecce roma,17.29585798816568
probabili formazioni gazzetta,3.1893491124260356
modena catanzaro,2.1301775147928996
miami open 2025 tabellone,20.047337278106507
castello sforzesco,5.165680473372781
venezia bologna,1.5266272189349113
spezia - brescia,3.8224852071005917
probabili formazioni serie a,1.2248520710059172
armando izzo,0.1834319526627219
viterbo,21.284023668639055
allerta vento,8.899408284023668
napoli milan,5.230769230769231
fulham - crystal palace,0.1893491124260355
jd,19.733727810650887
orari motogp,10.65680473372781
eprice,3.2958579881656807
le assaggiatrici (film),5.603550295857988
carlo ancelotti,3.6449704142011834
wind warning,5.946745562130178
