Entita,Score_now 7-d_Run1
le assaggiatrici (film),1.4260355029585798
spezia - brescia,3.4319526627218937
mensik tennis,0.3136094674556213
pelicans - warriors,0.46745562130177515
formazioni serie a,9.727810650887575
programmi tv stasera prima serata,19.467455621301774
oroscopo paolo fox capricorno,1.4733727810650887
arzignano valchiampo - renate,1.2662721893491125
gil vicente - benfica,4.834319526627219
andrea pucci,1.5798816568047338
orari motogp,6.650887573964497
probabili formazioni,16.893491124260354
belve,0.4970414201183432
sbk,1.1597633136094674
new zealand vs pakistan,3.3550295857988166
lecce roma,1.21301775147929
como empoli,1.2840236686390532
miami open 2025 tabellone,5.585798816568047
perugia - pineto,3.4023668639053253
scossa terremoto myanmar,5.6390532544378695
alba berlino - virtus bologna,3.1479289940828403
michael magnesi,0.6982248520710059
nuggets - jazz,1.9940828402366864
inter udinese,10.994082840236686
fritz oggi,1.6449704142011834
richard jewell,1.9349112426035502
leverkusen - bochum,3.3550295857988166
groenlandia,13.55621301775148
michela moioli snowboard,0.3076923076923077
ghibli,15.85207100591716
polizze catastrofali proroga,7.633136094674557
the voice senior 2025,0.9408284023668639
pilar fogliati,2.4437869822485205
omar pedrini,0.5502958579881657
anticipazioni il paradiso delle signore,6.420118343195266
pistons - cavaliers,0.9171597633136095
assalto portavalori,4.727810650887574
eclissi 29 marzo,5.165680473372781
napoli milan,8.692307692307692
latte crudo,2.0059171597633134
meteo milano,25.65680473372781
anticipazioni upas un posto al sole,0.17159763313609466
muhammad abbas,0.6923076923076923
inps cedolino pensione,2.0473372781065087
federico faggin,1.1301775147928994
picierno,0.46745562130177515
cittadinanza italiana ius sanguinis,0.9112426035502958
sciopero treni aprile 2025,0.6094674556213018
cambio ora 2025,19.384615384615383
achille costacurta,0.7455621301775148
