Entita,Score_now 7-d_Run2
anticipazioni upas un posto al sole,0.5739644970414202
muhammad abbas,1.9112426035502958
achille costacurta,1.0946745562130178
ghibli,12.544378698224852
lecce roma,8.159763313609467
anticipazioni il paradiso delle signore,11.08284023668639
polizze catastrofali proroga,8.662721893491124
assalto portavalori,7.390532544378698
andrea pucci,2.301775147928994
inps cedolino pensione,6.568047337278107
sbk,6.201183431952662
orari motogp,9.857988165680473
perugia - pineto,1.0710059171597632
federico faggin,1.106508875739645
pilar fogliati,1.1597633136094674
formazioni serie a,2.171597633136095
sciopero treni aprile 2025,1.1479289940828403
eclissi 29 marzo,4.414201183431953
cambio ora 2025,19.384615384615383
leverkusen - bochum,3.1775147928994083
michela moioli snowboard,0.5621301775147929
napoli milan,25.36094674556213
mensik tennis,2.8106508875739644
como empoli,2.6449704142011834
oroscopo paolo fox capricorno,0.28402366863905326
spezia - brescia,3.6094674556213016
fritz oggi,0.591715976331361
alba berlino - virtus bologna,0.4378698224852071
new zealand vs pakistan,3.4142011834319526
latte crudo,0.40236686390532544
groenlandia,3.502958579881657
richard jewell,0.4911242603550296
the voice senior 2025,0.621301775147929
gil vicente - benfica,4.846153846153846
pelicans - warriors,1.2544378698224852
inter udinese,3.757396449704142
probabili formazioni,7.769230769230769
programmi tv stasera prima serata,4.177514792899408
meteo milano,25.650887573964496
scossa terremoto myanmar,1.7218934911242603
michael magnesi,0.6153846153846154
nuggets - jazz,2.2189349112426036
belve,6.029585798816568
cittadinanza italiana ius sanguinis,5.556213017751479
miami open 2025 tabellone,16.011834319526628
le assaggiatrici (film),15.964497041420119
arzignano valchiampo - renate,2.467455621301775
pistons - cavaliers,3.8816568047337277
omar pedrini,3.4437869822485205
picierno,6.674556213017752
