Entita,Score_now 7-d_Run1
michael magnesi,1.0355029585798816
miami open 2025 tabellone,20.16568047337278
f1 giappone,5.781065088757397
belve,11.242603550295858
spezia - brescia,3.289940828402367
anticipazioni upas un posto al sole,0.10059171597633136
groenlandia,4.57396449704142
pistons - cavaliers,0.3076923076923077
inps cedolino pensione,5.5325443786982245
polizze catastrofali proroga,5.958579881656805
ciclismo oggi,1.9349112426035502
muhammad abbas,1.8224852071005917
federico faggin,1.1420118343195267
vanuatu,0.07100591715976332
formazioni serie a,2.1124260355029585
anticipazioni il paradiso delle signore,3.0710059171597632
pilar fogliati,2.3254437869822486
perugia - pineto,2.224852071005917
andrea pucci,1.5088757396449703
napoli milan,7.591715976331361
achille costacurta,0.3609467455621302
bucks - knicks,0.22485207100591717
meteo milano,26.39644970414201
diego armando maradona,0.1242603550295858
latte crudo,2.1420118343195265
venezia bologna,4.224852071005917
picierno,1.1479289940828403
leverkusen - bochum,3.863905325443787
cittadinanza italiana ius sanguinis,2.6272189349112427
beppe severgnini,0.22485207100591717
sbk,6.218934911242603
orari motogp,9.437869822485206
cambio ora 2025,5.195266272189349
new zealand vs pakistan,3.4497041420118344
eclissi 29 marzo,1.0236686390532543
alba berlino - virtus bologna,0.2781065088757396
gil vicente - benfica,4.763313609467455
nuggets - jazz,0.7692307692307693
ghibli,9.284023668639053
lecce roma,4.236686390532545
pelicans - warriors,1.5088757396449703
fabio balaso,0.10650887573964497
probabili formazioni,19.19526627218935
assalto portavalori,4.85207100591716
scossa terremoto myanmar,4.544378698224852
taylor fritz,11.088757396449704
oroscopo capricorno 29 marzo,0.08284023668639054
doppio accredito inps,2.911242603550296
programmi tv stasera prima serata,19.142011834319526
le assaggiatrici (film),8.34319526627219
