Entita,Score_now 4-H_Run2
spezia - brescia,4.2719665271966525
probabili formazioni,38.88284518828452
ghibli,7.702928870292887
nuggets - jazz,1.786610878661088
inter udinese,1.5252100840336134
polizze catastrofali proroga,0.36134453781512604
michael magnesi,0.2184873949579832
achille costacurta,0.0
richard jewell,1.393305439330544
cittadinanza italiana ius sanguinis,1.493723849372385
federico faggin,0.2384937238493724
muhammad abbas,0.0
oroscopo paolo fox capricorno,0.31932773109243695
pelicans - warriors,0.42016806722689076
sciopero treni aprile 2025,0.29411764705882354
the voice senior 2025,0.47478991596638653
scossa terremoto myanmar,16.48739495798319
pistons - cavaliers,0.37815126050420167
anticipazioni il paradiso delle signore,0.1638655462184874
latte crudo,0.22268907563025211
assalto portavalori,7.606694560669456
pilar fogliati,8.732217573221757
omar pedrini,0.0
lecce roma,3.1799163179916317
gil vicente - benfica,1.7322175732217573
inps cedolino pensione,0.9372384937238494
picierno,1.3556485355648535
anticipazioni upas un posto al sole,0.2384937238493724
michela moioli snowboard,0.3682008368200837
groenlandia,7.686192468619247
sbk,2.3723849372384938
arzignano valchiampo - renate,0.24686192468619247
alba berlino - virtus bologna,0.6386554621848739
como empoli,0.542016806722689
andrea pucci,2.365546218487395
djuric,1.046218487394958
miami open 2025 tabellone,0.15126050420168066
leverkusen - bochum,0.5588235294117647
formazioni serie a,2.8949579831932772
eclissi 29 marzo,24.508403361344538
napoli milan,2.1255230125523012
cambio ora 2025,37.89121338912134
mensik tennis,0.35564853556485354
perugia - pineto,0.9497907949790795
programmi tv stasera prima serata,0.4327731092436975
orari motogp,12.663865546218487
belve,0.15966386554621848
le assaggiatrici (film),0.0
new zealand vs pakistan,0.07112970711297072
meteo milano,37.23430962343096
