Entita,Score_now 4-H_Run2
omar pedrini,0.25630252100840334
belve,0.21008403361344538
inps cedolino pensione,1.9747899159663866
achille costacurta,0.680672268907563
richard jewell,0.0
orari motogp,15.117647058823529
michael magnesi,0.2689075630252101
cittadinanza italiana ius sanguinis,0.5504201680672269
le assaggiatrici (film),0.5504201680672269
gil vicente - benfica,3.130252100840336
anticipazioni il paradiso delle signore,0.36554621848739494
leverkusen - bochum,0.8823529411764706
andrea pucci,1.0756302521008403
fritz oggi,0.0
eclissi 29 marzo,26.77310924369748
perugia - pineto,0.3319327731092437
como empoli,0.5966386554621849
miami open 2025 tabellone,0.5294117647058824
cambio ora 2025,41.22268907563025
programmi tv stasera prima serata,0.3907563025210084
nuggets - jazz,1.5336134453781514
federico faggin,0.41596638655462187
spezia - brescia,5.092436974789916
pilar fogliati,9.256302521008404
anticipazioni upas un posto al sole,0.0
inter udinese,0.46638655462184875
sbk,4.428571428571429
formazioni serie a,4.7100840336134455
picierno,1.5168067226890756
ghibli,15.205882352941176
napoli milan,5.117647058823529
scossa terremoto myanmar,18.66386554621849
polizze catastrofali proroga,0.7521008403361344
arzignano valchiampo - renate,0.3445378151260504
michela moioli snowboard,0.42016806722689076
alba berlino - virtus bologna,0.5504201680672269
probabili formazioni,20.067226890756302
new zealand vs pakistan,0.3319327731092437
assalto portavalori,4.487394957983193
meteo milano,36.38655462184874
mensik tennis,0.9327731092436975
lecce roma,2.966386554621849
pelicans - warriors,0.0
oroscopo paolo fox capricorno,0.9747899159663865
sciopero treni aprile 2025,0.5084033613445378
pistons - cavaliers,0.3907563025210084
muhammad abbas,0.0
the voice senior 2025,0.5798319327731093
latte crudo,0.31932773109243695
groenlandia,6.533613445378151
