Entita,Score_now 7-d_Run2
le assaggiatrici (film),1.7988165680473374
pelicans - warriors,0.5621301775147929
joël dicker,0.029585798816568046
meteo milano,25.828402366863905
the voice senior 2025,0.6863905325443787
venezia bologna,3.804733727810651
pilar fogliati,2.6863905325443787
wind warning,0.5621301775147929
brigitte bardot,0.8402366863905325
inter udinese,4.14792899408284
assalto portavalori,4.562130177514793
cambio ora 2025,20.745562130177515
fulham - crystal palace,0.2781065088757396
miami open 2025 tabellone,4.047337278106509
modena catanzaro,0.3609467455621302
richard jewell,2.0532544378698225
como empoli,4.550295857988166
eid ul fitr 2025,4.42603550295858
sbk orari,3.526627218934911
ciclismo oggi,7.005917159763314
valtellina,12.893491124260356
oroscopo paolo fox capricorno,1.5798816568047338
sondrio,47.798816568047336
andrea pucci,4.420118343195266
perugia - pineto,2.1775147928994083
gil vicente - benfica,4.840236686390533
joao felix,0.33136094674556216
eclissi 29 marzo,5.355029585798817
spezia - brescia,3.502958579881657
nuggets - jazz,0.25443786982248523
muhammad abbas,0.5266272189349113
federico faggin,0.9053254437869822
napoli milan,2.1301775147928996
new zealand vs pakistan,3.4142011834319526
allerta vento,3.698224852071006
taylor fritz,2.3550295857988166
probabili formazioni serie a,8.591715976331361
inps cedolino pensione,13.224852071005918
alba berlino - virtus bologna,3.4792899408284024
fabio balaso,0.39644970414201186
sciopero treni aprile 2025,0.9585798816568047
diego armando maradona,0.24260355029585798
probabili formazioni,12.390532544378699
viterbo,22.85207100591716
scossa terremoto myanmar,4.8698224852071
castello sforzesco,1.136094674556213
lecce roma,5.4674556213017755
leverkusen - bochum,3.8461538461538463
ghibli,16.609467455621303
cittadinanza italiana ius sanguinis,3.3076923076923075
