Entita,Score_now 1-H_Run2
nuggets - jazz,0.0
latte crudo,0.0
new zealand vs pakistan,0.0
pistons - cavaliers,5.051724137931035
programmi tv stasera prima serata,1.0344827586206897
nets - clippers,0.0
formazioni serie a,4.5
anticipazioni il paradiso delle signore,2.793103448275862
kit sopravvivenza 72 ore,0.0
enzo bearzot,1.7241379310344827
muhammad abbas,0.0
inps cedolino pensione,3.2413793103448274
inter udinese,3.7241379310344827
fabio balaso,1.3620689655172413
taylor fritz,2.7586206896551726
pilar fogliati,19.06896551724138
groenlandia,4.103448275862069
buongiorno sabato 29 marzo 2025,1.103448275862069
anticipazioni upas un posto al sole,0.0
assalto portavalori,13.586206896551724
belve,0.0
miami open 2025 tabellone,0.0
spezia - brescia,7.844827586206897
meta al su whatsapp,0.0
perugia - pineto,4.396551724137931
lecce roma,4.982758620689655
federico faggin,0.0
bucks - knicks,0.0
meteo milano,61.275862068965516
andrea pucci,1.4310344827586208
scossa terremoto myanmar,7.9655172413793105
leverkusen - bochum,1.5862068965517242
gil vicente - benfica,0.9137931034482759
doppio accredito inps,0.9310344827586207
eclissi 29 marzo,13.379310344827585
cambio ora 2025,49.0
michael magnesi,0.0
picierno,1.7241379310344827
pelicans - warriors,1.9137931034482758
napoli milan,2.3448275862068964
orvieto,1.293103448275862
juve genoa,2.9827586206896552
alba berlino - virtus bologna,0.0
f1 giappone,2.8793103448275863
djuric,0.0
achille costacurta,1.5172413793103448
milik,1.6724137931034482
vanuatu,1.7241379310344827
orari motogp,24.224137931034484
cittadinanza italiana ius sanguinis,1.4827586206896552
