Entita,Score_now 4-H_Run2
f1 giappone,0.819327731092437
meta al su whatsapp,0.0
pilar fogliati,2.680672268907563
napoli milan,2.634453781512605
scossa terremoto myanmar,5.420168067226891
perugia - pineto,0.7983193277310925
doppio accredito inps,0.13025210084033614
pelicans - warriors,0.5756302521008403
programmi tv stasera prima serata,0.08823529411764706
bucks - knicks,0.0
spezia - brescia,5.5966386554621845
orari motogp,5.563025210084033
nets - clippers,0.5271966527196653
cittadinanza italiana ius sanguinis,0.6192468619246861
djuric,0.0
picierno,0.13807531380753138
formazioni serie a,0.8451882845188284
inter udinese,0.7531380753138075
taylor fritz,1.5271966527196652
latte crudo,0.0
juve genoa,0.9873949579831933
kit sopravvivenza 72 ore,0.0
federico faggin,0.2689075630252101
lecce roma,0.12605042016806722
buongiorno sabato 29 marzo 2025,1.0125523012552302
alba berlino - virtus bologna,0.0
achille costacurta,0.6694560669456067
andrea pucci,1.5899581589958158
meteo milano,26.894957983193276
eclissi 29 marzo,2.168067226890756
anticipazioni il paradiso delle signore,0.12184873949579832
assalto portavalori,1.7058823529411764
pistons - cavaliers,0.34309623430962344
vanuatu,0.6108786610878661
michael magnesi,0.0
anticipazioni upas un posto al sole,0.7364016736401674
new zealand vs pakistan,2.6401673640167362
cambio ora 2025,11.698744769874477
miami open 2025 tabellone,0.1506276150627615
groenlandia,3.1589958158995817
milik,0.8865546218487395
leverkusen - bochum,0.0
fabio balaso,0.0
enzo bearzot,0.11764705882352941
gil vicente - benfica,1.3067226890756303
orvieto,0.0
nuggets - jazz,0.7352941176470589
belve,0.3697478991596639
inps cedolino pensione,0.6569037656903766
muhammad abbas,0.4309623430962343
