Entita,Score_now 4-H_Run1
wind warning,1.1890756302521008
miami open 2025 tabellone,0.0
babygirl,0.4117647058823529
spezia - brescia,0.3445378151260504
federico faggin,1.3697478991596639
sciopero treni aprile 2025,0.865546218487395
venezia bologna,5.121848739495798
ciclismo oggi,2.491596638655462
29 marzo eclissi solare,8.731092436974789
scossa terremoto myanmar,15.214285714285714
le assaggiatrici (film),0.5294117647058824
sbk orari,1.2016806722689075
real sociedad - valladolid,4.760504201680672
diego armando maradona,0.5966386554621849
probabili formazioni gazzetta,0.13865546218487396
castello sforzesco,0.5084033613445378
azione,0.9117647058823529
eprice,1.1554621848739495
viterbo,8.697478991596638
cittadinanza italiana ius sanguinis,0.04201680672268908
the voice senior,2.008403361344538
perugia - pineto,0.23949579831932774
pilar fogliati,2.7478991596638656
orari motogp,19.277310924369747
assalto portavalori,2.466386554621849
brigitte bardot,1.4579831932773109
carlo ancelotti,0.06722689075630252
lecce roma,0.9495798319327731
cambio ora 2025,42.47478991596638
joao felix,0.9369747899159664
gil vicente - benfica,0.17647058823529413
como empoli,0.8361344537815126
probabili formazioni,54.02521008403362
napoli milan,5.197478991596639
modena catanzaro,0.14705882352941177
mensik tennis,0.2689075630252101
pelicans - warriors,0.31512605042016806
leverkusen - bochum,0.0
ghibli,23.142857142857142
kit sopravvivenza 72 ore,0.8403361344537815
fabio balaso,0.18907563025210083
milan napoli,10.079831932773109
allerta vento,25.983193277310924
richard jewell,0.9873949579831933
inter udinese,1.3319327731092436
probabili formazioni serie a,1.4747899159663866
fulham - crystal palace,3.5672268907563027
jd,1.8907563025210083
andrea pucci,0.9495798319327731
armando izzo,1.1218487394957983
