Entita,Score_now 4-H_Run2
bankok,0.3907563025210084
gil vicente - benfica,1.903361344537815
alba berlino - virtus bologna,0.20168067226890757
nuggets - jazz,0.17647058823529413
doppio accredito inps,0.8403361344537815
carlo ancelotti,0.05042016806722689
anticipazioni upas un posto al sole,0.5882352941176471
kit sopravvivenza 72 ore,0.0
belve,0.5378151260504201
miami open 2025 tabellone,0.5546218487394958
programmi tv stasera prima serata,0.12605042016806722
federico faggin,0.0
spezia - brescia,5.050420168067227
lecce roma,0.3235294117647059
meteo milano,21.1218487394958
anticipazioni il paradiso delle signore,0.0
myanmar terremoto,18.38235294117647
tailandia,0.0
leverkusen - bochum,0.5630252100840336
latte crudo,0.0
buongiorno sabato 29 marzo 2025,0.36554621848739494
perugia - pineto,0.3277310924369748
muhammad abbas,1.273109243697479
bucks - knicks,0.24789915966386555
proroga polizze catastrofali,0.10504201680672269
nets - clippers,0.6932773109243697
ghibli,0.22268907563025211
meteo milano oggi,0.8571428571428571
eclissi 29 marzo,3.033613445378151
the voice senior,0.3487394957983193
picierno,0.0
pelicans - warriors,0.5126050420168067
motogp orari,3.3487394957983194
quando cambia l'ora 2025,1.0630252100840336
juve genoa,0.2773109243697479
pistons - cavaliers,0.0
omar pedrini,0.0
napoli milan,0.07563025210084033
arzignano valchiampo - renate,0.23529411764705882
previsioni meteo,21.563025210084035
new zealand vs pakistan,5.348739495798319
pianese - pontedera,0.28991596638655465
djuric,0.0
andrea pucci,0.5378151260504201
martina colombari,0.25210084033613445
groenlandia,4.659663865546219
cittadinanza italiana ius sanguinis,0.592436974789916
taylor fritz,1.550420168067227
assalto portavalori,1.403361344537815
fritz oggi,0.6974789915966386
