Entita,Score_now 4-H_Run1
nuggets - jazz,0.4117647058823529
milik,0.18067226890756302
orvieto,0.42016806722689076
muhammad abbas,0.0
meta al su whatsapp,0.42016806722689076
federico faggin,0.0
programmi tv stasera prima serata,0.25630252100840334
bucks - knicks,0.15546218487394958
meteo milano,24.69327731092437
scossa terremoto myanmar,2.53781512605042
latte crudo,0.18067226890756302
fabio balaso,0.18487394957983194
inter udinese,0.17647058823529413
new zealand vs pakistan,3.5
vanuatu,0.0
taylor fritz,1.5210084033613445
enzo bearzot,0.1134453781512605
pilar fogliati,2.0588235294117645
cittadinanza italiana ius sanguinis,1.0756302521008403
michael magnesi,0.0
alba berlino - virtus bologna,0.0
cambio ora 2025,13.147058823529411
nets - clippers,0.5252100840336135
napoli milan,0.7100840336134454
pelicans - warriors,1.0378151260504203
buongiorno sabato 29 marzo 2025,0.24369747899159663
achille costacurta,0.13865546218487396
gil vicente - benfica,0.5672268907563025
assalto portavalori,1.273109243697479
groenlandia,3.6470588235294117
kit sopravvivenza 72 ore,0.08823529411764706
leverkusen - bochum,0.542016806722689
andrea pucci,0.5336134453781513
f1 giappone,0.31932773109243695
spezia - brescia,4.147058823529412
juve genoa,0.1638655462184874
lecce roma,0.6596638655462185
miami open 2025 tabellone,0.09663865546218488
pistons - cavaliers,0.21428571428571427
doppio accredito inps,0.15126050420168066
perugia - pineto,0.15546218487394958
orari motogp,4.235294117647059
djuric,0.0
anticipazioni upas un posto al sole,0.0
eclissi 29 marzo,5.415966386554622
inps cedolino pensione,0.0
anticipazioni il paradiso delle signore,0.9831932773109243
formazioni serie a,0.14285714285714285
belve,0.0
picierno,0.42016806722689076
